<?xml version="1.0" encoding="UTF-8"?>
<project-private xmlns="http://www.netbeans.org/ns/project-private/1">
    <editor-bookmarks xmlns="http://www.netbeans.org/ns/editor-bookmarks/2" lastBookmarkId="0"/>
    <open-files xmlns="http://www.netbeans.org/ns/projectui-open-files/2">
        <group>
            <file>file:/E:/FPTuni/2022_2Summer/PRJ301/project/Assignment/src/java/hungmt/controller/CheckoutServlet.java</file>
            <file>file:/E:/FPTuni/2022_2Summer/PRJ301/project/Assignment/src/java/hungmt/controller/ViewBookServlet.java</file>
            <file>file:/E:/FPTuni/2022_2Summer/PRJ301/project/Assignment/web/shopping.jsp</file>
            <file>file:/E:/FPTuni/2022_2Summer/PRJ301/project/Assignment/src/java/hungmt/controller/DeleteAccountServlet.java</file>
            <file>file:/E:/FPTuni/2022_2Summer/PRJ301/project/Assignment/web/login.html</file>
            <file>file:/E:/FPTuni/2022_2Summer/PRJ301/project/Assignment/src/java/hungmt/filter/DispatcherFilter.java</file>
            <file>file:/E:/FPTuni/2022_2Summer/PRJ301/project/Assignment/src/java/hungmt/controller/LogoutServlet.java</file>
            <file>file:/E:/FPTuni/2022_2Summer/PRJ301/project/Assignment/src/java/hungmt/listener/MyAppServletListener.java</file>
            <file>file:/E:/FPTuni/2022_2Summer/PRJ301/project/Assignment/src/java/hungmt/registration/RegistrationDAO.java</file>
            <file>file:/E:/FPTuni/2022_2Summer/PRJ301/project/Assignment/src/java/hungmt/controller/CreateAccountServlet.java</file>
            <file>file:/E:/FPTuni/2022_2Summer/PRJ301/project/Assignment/src/java/hungmt/controller/LoginServlet.java</file>
            <file>file:/E:/FPTuni/2022_2Summer/PRJ301/project/Assignment/src/java/hungmt/controller/SearchLastnameServlet.java</file>
            <file>file:/E:/FPTuni/2022_2Summer/PRJ301/project/Assignment/web/WEB-INF/siteMaps.properties</file>
            <file>file:/E:/FPTuni/2022_2Summer/PRJ301/project/Assignment/src/java/hungmt/controller/UpdateAccountServlet.java</file>
            <file>file:/E:/FPTuni/2022_2Summer/PRJ301/project/Assignment/web/createAccount.jsp</file>
            <file>file:/E:/FPTuni/2022_2Summer/PRJ301/project/Assignment/src/java/hungmt/controller/ViewCartServlet.java</file>
            <file>file:/E:/FPTuni/2022_2Summer/PRJ301/project/Assignment/web/WEB-INF/authentication.properties</file>
            <file>file:/E:/FPTuni/2022_2Summer/PRJ301/project/Assignment/src/java/hungmt/filter/AuthenticationFilter.java</file>
            <file>file:/E:/FPTuni/2022_2Summer/PRJ301/project/Assignment/web/WEB-INF/web.xml</file>
            <file>file:/E:/FPTuni/2022_2Summer/PRJ301/project/Assignment/src/java/hungmt/registration/RegistrationCreateError.java</file>
            <file>file:/E:/FPTuni/2022_2Summer/PRJ301/project/Assignment/src/java/hungmt/utils/DBHelper.java</file>
            <file>file:/E:/FPTuni/2022_2Summer/PRJ301/project/Assignment/src/java/hungmt/controller/RemoveBookServlet.java</file>
            <file>file:/E:/FPTuni/2022_2Summer/PRJ301/project/Assignment/src/java/hungmt/controller/AddToCartServlet.java</file>
        </group>
    </open-files>
</project-private>
